data_execucao,league,player,nationality,position,team,age,birth_year,gk_games,gk_games_starts,gk_minutes,gk_goals_against_x,gk_goals_against_per90,gk_shots_on_target_against,gk_saves,gk_save_pct,gk_wins,gk_draws,gk_losses,gk_clean_sheets,gk_clean_sheets_pct,gk_pens_att,gk_pens_allowed_x,gk_pens_saved_x,gk_pens_missed_x,minutes_90s,gk_goals_against_y,gk_pens_allowed_y,gk_pens_saved_y,gk_pens_missed_y,gk_free_kick_goals_against,gk_corner_kick_goals_against,gk_own_goals_against,gk_psxg,gk_psxg_net,gk_psxg_net_per90,gk_passes_completed_launched,gk_passes_launched,gk_passes_pct_launched,gk_passes,gk_passes_throws,gk_pct_passes_launched,gk_passes_length_avg,gk_goal_kicks,gk_pct_goal_kicks_launched,gk_goal_kick_length_avg,gk_crosses,gk_crosses_stopped,gk_crosses_stopped_pct,gk_def_actions_outside_pen_area,gk_def_actions_outside_pen_area_per90,gk_avg_distance_def_actions,scraped_at
2026-05-22,Série A,Anderson,brBRA,GK,Chapecoense,28-078,1998,4.0,4.0,360.0,8.0,2.0,22.0,15.0,68.2,0.0,0.0,3.0,0.0,0.0,1.0,1.0,0.0,0.0,4.0,8.0,1.0,0.0,0.0,0.0,0.0,0.0,0.0,0.0,0.0,0.0,0.0,0.0,0.0,0.0,0.0,0.0,0.0,0.0,0.0,0.0,0.0,0.0,0.0,0.0,0.0,2026-05-22 22:49:44.602924
2026-05-22,Série A,Anthoni,brBRA,GK,Internacional,24-119,2002,5.0,5.0,450.0,6.0,1.2,22.0,16.0,72.7,2.0,0.0,1.0,1.0,20.0,0.0,0.0,0.0,0.0,5.0,6.0,0.0,0.0,0.0,0.0,0.0,0.0,0.0,0.0,0.0,0.0,0.0,0.0,0.0,0.0,0.0,0.0,0.0,0.0,0.0,0.0,0.0,0.0,0.0,0.0,0.0,2026-05-22 22:49:44.602924
2026-05-22,Série A,Lucas Arcanjo,brBRA,GK,Vitória,27-287,1998,12.0,12.0,1080.0,15.0,1.25,50.0,39.0,74.0,4.0,0.0,4.0,4.0,33.3,4.0,2.0,2.0,0.0,12.0,15.0,2.0,0.0,0.0,0.0,0.0,0.0,0.0,0.0,0.0,0.0,0.0,0.0,0.0,0.0,0.0,0.0,0.0,0.0,0.0,0.0,0.0,0.0,0.0,0.0,0.0,2026-05-22 22:49:44.602924
2026-05-22,Série A,Gabriel Brazão,brBRA,GK,Santos,25-229,2000,14.0,14.0,1260.0,23.0,1.64,54.0,35.0,64.8,3.0,0.0,6.0,3.0,21.4,4.0,4.0,0.0,0.0,14.0,23.0,4.0,0.0,0.0,0.0,0.0,0.0,0.0,0.0,0.0,0.0,0.0,0.0,0.0,0.0,0.0,0.0,0.0,0.0,0.0,0.0,0.0,0.0,0.0,0.0,0.0,2026-05-22 22:49:44.602924
2026-05-22,Série A,Cássio,brBRA,GK,Cruzeiro,38-350,1987,5.0,5.0,421.0,10.0,2.14,24.0,14.0,58.3,0.0,0.0,3.0,0.0,0.0,0.0,0.0,0.0,0.0,4.7,10.0,0.0,0.0,0.0,0.0,0.0,0.0,0.0,0.0,0.0,0.0,0.0,0.0,0.0,0.0,0.0,0.0,0.0,0.0,0.0,0.0,0.0,0.0,0.0,0.0,0.0,2026-05-22 22:49:44.602924
2026-05-22,Série A,Matheus Cunha,brBRA,GK,Cruzeiro,24-363,2001,9.0,8.0,749.0,11.0,1.32,22.0,13.0,59.1,4.0,0.0,2.0,4.0,50.0,2.0,2.0,0.0,0.0,8.3,11.0,2.0,0.0,0.0,0.0,0.0,0.0,0.0,0.0,0.0,0.0,0.0,0.0,0.0,0.0,0.0,0.0,0.0,0.0,0.0,0.0,0.0,0.0,0.0,0.0,0.0,2026-05-22 22:49:44.602924
2026-05-22,Série A,Diogenes,brBRA,GK,Santos,25-136,2001,2.0,2.0,180.0,2.0,1.0,8.0,6.0,75.0,1.0,0.0,0.0,1.0,50.0,0.0,0.0,0.0,0.0,2.0,2.0,0.0,0.0,0.0,0.0,0.0,0.0,0.0,0.0,0.0,0.0,0.0,0.0,0.0,0.0,0.0,0.0,0.0,0.0,0.0,0.0,0.0,0.0,0.0,0.0,0.0,2026-05-22 22:49:44.602924
2026-05-22,Série A,Éverson,brBRA,GK,Atlético Mineiro,35-304,1990,16.0,16.0,1440.0,22.0,1.37,67.0,46.0,68.7,6.0,0.0,7.0,3.0,18.8,1.0,1.0,0.0,0.0,16.0,22.0,1.0,0.0,0.0,0.0,0.0,0.0,0.0,0.0,0.0,0.0,0.0,0.0,0.0,0.0,0.0,0.0,0.0,0.0,0.0,0.0,0.0,0.0,0.0,0.0,0.0,2026-05-22 22:49:44.602924
2026-05-22,Série A,Fábio,brBRA,GK,Fluminense,45-234,1980,16.0,16.0,1440.0,21.0,1.31,74.0,55.0,74.3,9.0,0.0,4.0,3.0,18.8,2.0,2.0,0.0,0.0,16.0,21.0,2.0,0.0,0.0,0.0,0.0,0.0,0.0,0.0,0.0,0.0,0.0,0.0,0.0,0.0,0.0,0.0,0.0,0.0,0.0,0.0,0.0,0.0,0.0,0.0,0.0,2026-05-22 22:49:44.602924
2026-05-22,Série A,Gabriel,brBRA,GK,Vitória,33-237,1992,3.0,3.0,270.0,7.0,2.33,10.0,3.0,30.0,1.0,0.0,2.0,1.0,33.3,0.0,0.0,0.0,0.0,3.0,7.0,0.0,0.0,0.0,0.0,0.0,0.0,0.0,0.0,0.0,0.0,0.0,0.0,0.0,0.0,0.0,0.0,0.0,0.0,0.0,0.0,0.0,0.0,0.0,0.0,0.0,2026-05-22 22:49:44.602924
2026-05-22,Série A,Léo Jardim,brBRA,GK,Vasco da Gama,31-063,1995,16.0,16.0,1440.0,25.0,1.56,68.0,44.0,64.7,5.0,0.0,6.0,1.0,6.3,1.0,1.0,0.0,0.0,16.0,25.0,1.0,0.0,0.0,0.0,0.0,0.0,0.0,0.0,0.0,0.0,0.0,0.0,0.0,0.0,0.0,0.0,0.0,0.0,0.0,0.0,0.0,0.0,0.0,0.0,0.0,2026-05-22 22:49:44.602924
2026-05-22,Série A,Kauê,brBRA,GK,Corinthians,22-103,2004,2.0,2.0,180.0,3.0,1.5,17.0,14.0,82.4,1.0,0.0,1.0,1.0,50.0,0.0,0.0,0.0,0.0,2.0,3.0,0.0,0.0,0.0,0.0,0.0,0.0,0.0,0.0,0.0,0.0,0.0,0.0,0.0,0.0,0.0,0.0,0.0,0.0,0.0,0.0,0.0,0.0,0.0,0.0,0.0,2026-05-22 22:49:44.602924
2026-05-22,Série A,Léo,brBRA,GK,Bahia,35-242,1990,8.0,8.0,720.0,12.0,1.5,44.0,34.0,77.3,2.0,0.0,3.0,1.0,12.5,2.0,2.0,0.0,0.0,8.0,12.0,2.0,0.0,0.0,0.0,0.0,0.0,0.0,0.0,0.0,0.0,0.0,0.0,0.0,0.0,0.0,0.0,0.0,0.0,0.0,0.0,0.0,0.0,0.0,0.0,0.0,2026-05-22 22:49:44.602924
2026-05-22,Série A,Léo,brBRA,GK,Chapecoense,35-242,1990,7.0,7.0,630.0,11.0,1.57,42.0,32.0,76.2,1.0,0.0,2.0,1.0,14.3,1.0,1.0,0.0,0.0,7.0,11.0,1.0,0.0,0.0,0.0,0.0,0.0,0.0,0.0,0.0,0.0,0.0,0.0,0.0,0.0,0.0,0.0,0.0,0.0,0.0,0.0,0.0,0.0,0.0,0.0,0.0,2026-05-22 22:49:44.602924
2026-05-22,Série A,Carlos Miguel,brBRA,GK,Palmeiras,27-225,1998,16.0,16.0,1440.0,13.0,0.81,61.0,48.0,78.7,10.0,0.0,1.0,5.0,31.3,0.0,0.0,0.0,0.0,16.0,13.0,0.0,0.0,0.0,0.0,0.0,0.0,0.0,0.0,0.0,0.0,0.0,0.0,0.0,0.0,0.0,0.0,0.0,0.0,0.0,0.0,0.0,0.0,0.0,0.0,0.0,2026-05-22 22:49:44.602924
2026-05-22,Série A,Pedro Morisco,brBRA,GK,Coritiba,22-132,2004,4.0,4.0,325.0,5.0,1.38,26.0,21.0,80.8,1.0,0.0,2.0,0.0,0.0,0.0,0.0,0.0,0.0,3.6,5.0,0.0,0.0,0.0,0.0,0.0,0.0,0.0,0.0,0.0,0.0,0.0,0.0,0.0,0.0,0.0,0.0,0.0,0.0,0.0,0.0,0.0,0.0,0.0,0.0,0.0,2026-05-22 22:49:44.602924
2026-05-22,Série A,Neto,brBRA,GK,Botafogo (RJ),36-307,1989,8.0,8.0,720.0,13.0,1.62,41.0,29.0,70.7,3.0,0.0,3.0,1.0,12.5,1.0,1.0,0.0,0.0,8.0,13.0,1.0,0.0,0.0,0.0,0.0,0.0,0.0,0.0,0.0,0.0,0.0,0.0,0.0,0.0,0.0,0.0,0.0,0.0,0.0,0.0,0.0,0.0,0.0,0.0,0.0,2026-05-22 22:49:44.602924
2026-05-22,Série A,Otávio,brBRA,GK,Cruzeiro,20-146,2005,3.0,3.0,270.0,5.0,1.67,7.0,4.0,57.1,1.0,0.0,1.0,0.0,0.0,2.0,2.0,0.0,0.0,3.0,5.0,2.0,0.0,0.0,0.0,0.0,0.0,0.0,0.0,0.0,0.0,0.0,0.0,0.0,0.0,0.0,0.0,0.0,0.0,0.0,0.0,0.0,0.0,0.0,0.0,0.0,2026-05-22 22:49:44.602924
2026-05-22,Série A,João Paulo,brBRA,GK,Bahia,30-327,1995,1.0,0.0,46.0,4.0,7.83,8.0,4.0,50.0,0.0,0.0,0.0,0.0,0.0,0.0,0.0,0.0,0.0,0.5,4.0,0.0,0.0,0.0,0.0,0.0,0.0,0.0,0.0,0.0,0.0,0.0,0.0,0.0,0.0,0.0,0.0,0.0,0.0,0.0,0.0,0.0,0.0,0.0,0.0,0.0,2026-05-22 22:49:44.602924
2026-05-22,Série A,Rafael Pires,brBRA,GK,São Paulo,36-333,1989,16.0,16.0,1440.0,18.0,1.13,59.0,42.0,71.2,7.0,0.0,6.0,4.0,25.0,1.0,1.0,0.0,0.0,16.0,18.0,1.0,0.0,0.0,0.0,0.0,0.0,0.0,0.0,0.0,0.0,0.0,0.0,0.0,0.0,0.0,0.0,0.0,0.0,0.0,0.0,0.0,0.0,0.0,0.0,0.0,2026-05-22 22:49:44.602924
2026-05-22,Série A,Marcelo Rangel,brBRA,GK,Remo,38-005,1988,16.0,16.0,1440.0,27.0,1.69,81.0,55.0,66.7,3.0,0.0,7.0,1.0,6.3,1.0,0.0,1.0,0.0,16.0,27.0,0.0,0.0,0.0,0.0,0.0,0.0,0.0,0.0,0.0,0.0,0.0,0.0,0.0,0.0,0.0,0.0,0.0,0.0,0.0,0.0,0.0,0.0,0.0,0.0,0.0,2026-05-22 22:49:44.602924
2026-05-22,Série A,Pedro Rangel,brBRA,GK,Coritiba,25-327,2000,13.0,12.0,1115.0,14.0,1.13,53.0,41.0,77.4,5.0,0.0,3.0,5.0,41.7,2.0,2.0,0.0,0.0,12.4,14.0,2.0,0.0,0.0,0.0,0.0,0.0,0.0,0.0,0.0,0.0,0.0,0.0,0.0,0.0,0.0,0.0,0.0,0.0,0.0,0.0,0.0,0.0,0.0,0.0,0.0,2026-05-22 22:49:44.602924
2026-05-22,Série A,Sergio Rochet,uyURU,GK,Internacional,33-060,1993,11.0,11.0,990.0,11.0,1.0,31.0,22.0,71.0,3.0,0.0,4.0,3.0,27.3,2.0,2.0,0.0,0.0,11.0,11.0,2.0,0.0,0.0,0.0,0.0,0.0,0.0,0.0,0.0,0.0,0.0,0.0,0.0,0.0,0.0,0.0,0.0,0.0,0.0,0.0,0.0,0.0,0.0,0.0,0.0,2026-05-22 22:49:44.602924
2026-05-22,Série A,Ronaldo,brBRA,GK,Bahia,29-273,1996,7.0,7.0,584.0,4.0,0.62,23.0,19.0,82.6,4.0,0.0,1.0,3.0,42.9,0.0,0.0,0.0,0.0,6.5,4.0,0.0,0.0,0.0,0.0,0.0,0.0,0.0,0.0,0.0,0.0,0.0,0.0,0.0,0.0,0.0,0.0,0.0,0.0,0.0,0.0,0.0,0.0,0.0,0.0,0.0,2026-05-22 22:49:44.602924
2026-05-22,Série A,Agustín Rossi,arARG,GK,Flamengo,30-274,1995,15.0,15.0,1350.0,13.0,0.87,56.0,44.0,76.8,9.0,0.0,2.0,6.0,40.0,1.0,0.0,1.0,0.0,15.0,13.0,0.0,0.0,0.0,0.0,0.0,0.0,0.0,0.0,0.0,0.0,0.0,0.0,0.0,0.0,0.0,0.0,0.0,0.0,0.0,0.0,0.0,0.0,0.0,0.0,0.0,2026-05-22 22:49:44.602924
2026-05-22,Série A,Santos,brBRA,GK,Athletico Paranaense,36-066,1990,16.0,16.0,1440.0,17.0,1.06,55.0,38.0,69.1,7.0,0.0,6.0,4.0,25.0,0.0,0.0,0.0,0.0,16.0,17.0,0.0,0.0,0.0,0.0,0.0,0.0,0.0,0.0,0.0,0.0,0.0,0.0,0.0,0.0,0.0,0.0,0.0,0.0,0.0,0.0,0.0,0.0,0.0,0.0,0.0,2026-05-22 22:49:44.602924
2026-05-22,Série A,Rafael Santos,brBRA,GK,Chapecoense,37-069,1989,4.0,4.0,360.0,11.0,2.75,30.0,20.0,66.7,0.0,0.0,3.0,0.0,0.0,1.0,1.0,0.0,0.0,4.0,11.0,1.0,0.0,0.0,0.0,0.0,0.0,0.0,0.0,0.0,0.0,0.0,0.0,0.0,0.0,0.0,0.0,0.0,0.0,0.0,0.0,0.0,0.0,0.0,0.0,0.0,2026-05-22 22:49:44.602924
2026-05-22,Série A,Cleiton Schwengber,brBRA,GK,RB Bragantino,28-276,1997,7.0,7.0,630.0,8.0,1.14,24.0,17.0,70.8,2.0,0.0,3.0,2.0,28.6,1.0,1.0,0.0,0.0,7.0,8.0,1.0,0.0,0.0,0.0,0.0,0.0,0.0,0.0,0.0,0.0,0.0,0.0,0.0,0.0,0.0,0.0,0.0,0.0,0.0,0.0,0.0,0.0,0.0,0.0,0.0,2026-05-22 22:49:44.602924
2026-05-22,Série A,Hugo Souza,brBRA,GK,Corinthians,27-111,1999,14.0,14.0,1260.0,15.0,1.07,49.0,35.0,73.5,3.0,0.0,5.0,5.0,35.7,4.0,2.0,1.0,1.0,14.0,15.0,2.0,0.0,0.0,0.0,0.0,0.0,0.0,0.0,0.0,0.0,0.0,0.0,0.0,0.0,0.0,0.0,0.0,0.0,0.0,0.0,0.0,0.0,0.0,0.0,0.0,2026-05-22 22:49:44.602924
2026-05-22,Série A,Raul Steffens,brBRA,GK,Botafogo (RJ),28-298,1997,7.0,7.0,630.0,15.0,2.14,41.0,26.0,63.4,3.0,0.0,3.0,0.0,0.0,0.0,0.0,0.0,0.0,7.0,15.0,0.0,0.0,0.0,0.0,0.0,0.0,0.0,0.0,0.0,0.0,0.0,0.0,0.0,0.0,0.0,0.0,0.0,0.0,0.0,0.0,0.0,0.0,0.0,0.0,0.0,2026-05-22 22:49:44.602924
2026-05-22,Série A,Tiago Volpi,brBRA,GK,RB Bragantino,35-154,1990,9.0,9.0,810.0,10.0,1.11,32.0,22.0,68.8,5.0,0.0,4.0,3.0,33.3,0.0,0.0,0.0,0.0,9.0,10.0,0.0,0.0,0.0,0.0,0.0,0.0,0.0,0.0,0.0,0.0,0.0,0.0,0.0,0.0,0.0,0.0,0.0,0.0,0.0,0.0,0.0,0.0,0.0,0.0,0.0,2026-05-22 22:49:44.602924
2026-05-22,Série A,Walter,brBRA,GK,Mirassol,38-185,1987,15.0,15.0,1350.0,23.0,1.53,67.0,49.0,73.1,3.0,0.0,8.0,0.0,0.0,5.0,5.0,0.0,0.0,15.0,23.0,5.0,0.0,0.0,0.0,0.0,0.0,0.0,0.0,0.0,0.0,0.0,0.0,0.0,0.0,0.0,0.0,0.0,0.0,0.0,0.0,0.0,0.0,0.0,0.0,0.0,2026-05-22 22:49:44.602924
2026-05-22,Série A,Wéverton,brBRA,GK,Grêmio,38-160,1987,16.0,16.0,1440.0,18.0,1.13,60.0,46.0,73.3,4.0,0.0,6.0,5.0,31.3,4.0,2.0,2.0,0.0,16.0,18.0,2.0,0.0,0.0,0.0,0.0,0.0,0.0,0.0,0.0,0.0,0.0,0.0,0.0,0.0,0.0,0.0,0.0,0.0,0.0,0.0,0.0,0.0,0.0,0.0,0.0,2026-05-22 22:49:44.602924
